<?xml version="1.0" encoding="utf-8" standalone="yes"?>
<rss version="2.0" xmlns:atom="http://www.w3.org/2005/Atom">
  <channel>
    <title>2 - 支线 on demo for amaki</title>
    <link>/2-%E6%94%AF%E7%BA%BF/</link>
    <description>Recent content in 2 - 支线 on demo for amaki</description>
    <generator>Hugo -- gohugo.io</generator>
    <language>zh-cn</language>
    <lastBuildDate>Sun, 12 May 2019 00:00:00 +0000</lastBuildDate>
    
	<atom:link href="/2-%E6%94%AF%E7%BA%BF/index.xml" rel="self" type="application/rss+xml" />
    
    
    <item>
      <title>新能源</title>
      <link>/2-%E6%94%AF%E7%BA%BF/2-%E6%96%B0%E8%83%BD%E6%BA%90/</link>
      <pubDate>Sun, 12 May 2019 00:00:00 +0000</pubDate>
      
      <guid>/2-%E6%94%AF%E7%BA%BF/2-%E6%96%B0%E8%83%BD%E6%BA%90/</guid>
      <description>新能源 1 从来没有人想到，这个爱液发电技术会对人类社会造成如此之大的影响。
根据老人回忆，刚开始时，能源转化效率还很低，1mL 爱液仅能产生不到 1GJ 的能量。但是随着科研的进行，效率也越来越高。仅在半年后，效率就翻了将近十倍。在短短十年内，爱液的发电效率已经逼近了爱因斯坦预测 E=mc^2。
如今，使用爱液的发电站已经完全取代了传统的发电设施。与此同时，使用爱液提供能量的军事装备也在高速发展着。然而，因为一些技术原因，高效率的爱液能源转换只能使用新鲜采集的爱液。显然，这对发电站而言并不是什么大问题 —— 采集后的爱液本身就会很快被转化为电能。然而，对于会需要移动的载具来说 —— 尤其是耗能巨大的军事载具来说 —— 这导致将爱液罐装并在使用时逐步转化为能量并不可行。那么，显而易见地，若要为这些军事载具上耗能巨大的武器提供能量，唯一的解决方式就是让女生直接在载具上发电 —— 或者更有效率地，让她们在提供能量的同时，驾驶并操作载具。
然而，女生分泌爱液的速度终归有限。对于一般的女生来说，仅仅是生产 1mL 的爱液就需要很长时间。很快，为了提升爱液分泌的速度，各国开始建立系统的研究项目。其中一个受到显著关注的分支就是基因改造。然而，经过多年的实验，研究人员发现，不是所有的爱液都能被转化为能量。随着爱液总量的提升，有效爱液的浓度也在下降。进一步研究发现，一个个体在一定时间内能分泌的有效爱液仅与其性奋程度有关。换句话说，基因改造出来的，爱液分泌量比普通人多很多的女生并不能产生更多的能量；相反，在高潮时受到更多刺激的女生却几乎总能产生更多能量。
了解到这点后，很快就有人提出通过在大脑上植入电极的方式，来强制女生获得大量的性快感。尽管受到各大人权组织的全力反对，这项研究还是在世界的各个角落光明正大地开展了。当时，整个社会都似乎是笼罩在阴暗中 —— 经常会听说女高中生会在上下学路上被来自不同机构的蒙面人拐走。她们往往会被带到附近的实验室里。她们会被锁上带有电极的头盔，下体接上采集爱液的管子，然后被关进玻璃笼子中。随后，实验人员会开启她们头上的电极，使她们陷入一阵接着一阵，毫无休止的高潮。更残忍的是，为了提高样本的准确度，这种强制高潮有时候会持续数天甚至超过一个月。因为她们往往除了身处笼子中，身上没有任何拘束，时间长了，身体本能的抽搐使她们经常会撞得伤痕累累，或是抓伤自己，以至于后来人权组织见无法彻底阻止这种实验行为，干脆改为要求在实验时将被实验者的四肢固定住，防止不必要的伤害。
幸运的是，这种惨无人道的电击高潮实验最终还是停止了。出乎意料的是，使之停止的并不是良心发现或是人权组织的抗议，而是实验人员发现，这种用电刺激达到的高潮会对大脑造成永久性的伤害，而降低被实验者的反应能力。然而，最需要高产能的团体 —— 军方 —— 并不能接受让反应慢一拍的女生驾驶机甲。军方一旦不再支持，相关的研究很快也就瓦解了。
就这样，几个备受关注的突破口都失败了。然而，出乎预料的是，有一个一开始几乎完全没人在意的分支倒是获得了极大的进展 —— 利用春药提高女生的敏感度。简而言之，他们研制出了一种代号为 KX 的春药。KX 是一种黏度略高于水的透明液体。因为其对于酸碱度的敏感性，使用时，需要将其注入使用者的肛门，由大肠和小肠直接吸收。实验发现，当注入高纯度的 KX 后，被实验者不但身体变得异常敏感，其性联想能力也显著提升 —— 光是嘴里含着铁质假阴茎就会导致下体开始缓缓分泌高有效含量的爱液。若是短时间内需要大量能量 —— 例如发射轨道炮 —— 只需要对其阴蒂施加刺激或是进行阴道抽插，就可快速获得足够的爱液。
随着能源问题的解决，第一台可用于实战的、仅由一名女性操纵的人形机甲终于在本世纪初诞生了。就像每一种新型武器一样，人形机甲也很快经历了大量迭代。尽管外观或是武器配置上并没有什么巨大变革，机甲的驾驶室（又称能源室）经历了天翻地覆的变化。现在，驾驶员可以根据需要，极高精度地控制自己的快感等级，来产生足够机甲运作的能量。
然而，人们很快意识到，批量生产 KX 大量需要一种稀有的矿产资源。由于其对于能量生产的显著增幅和战斗机甲对其的重度依赖，KX，尤其是特别适合军用的高纯度 KX，很快就成为了极度重要的战略资源 —— 仅仅是 10mL 的高纯度 KX，价值就超过了普通人一辈子的收入。随着稀有矿产的耗尽，各国很快把目光投降了位于海洋正中央的一个岛国 —— 那里有着相对而言极度充裕的这种矿产。为了夺取这个岛国的主权，各个大国都派了机甲到该岛国的边境线上守候，战争一触即发。终于，不知道是哪国机甲的轨道炮走了火，这场为了争夺春药的世界大战拉开了序幕。
2 今天，将是这场战争的一周年纪念日。不过这对刚刚从军事学院毕业的叶可可来说，并不值得纪念。因为明天将是她和她的同学们第一次正式驾驶机甲奔赴前线。
夜里，可可并不能入睡。她想好好感受一下床的感觉 —— 接下来三个月，她将在机甲的驾驶室里度过。凌晨两点，为了防止影响第二天的发挥，可可吃了两片安眠药，总算是睡着了。
次日，随着铃声响起，可可和她的 5 个室友一起，拎着自己的适配箱，走向了发射平台。在那里，6 部机甲已经等着她们了。在快速做完了敬礼等常规仪式后，可可来到了她的机甲前。机甲本体都是一模一样的，唯一不一样的就是和少女们连接用的设备，也就是装在适配箱里的东西 —— 它们每一件都是量身定制的。
可可脱下了外衣，露出了之前在寝室换好的橙色乳胶衣。随后，可可打开了适配箱，取出了其中的一根顶上开口的金属棒。可可知道，这是用来输送 KX 的导管。为了防止润滑液和春药发生反应，插入肛门导管时不能使用润滑液。不过可可已经经过了长期的肛门开发，因此她并不惧怕眼前这庞然巨物。可可把金属棒对准了乳胶衣上的洞，缓缓插了进去。尽管有心理准备，可可还是被金属棒的冰凉吓了一跳。不过可可还是顺利地把整根金属棒插了进去，并把驾驶室里面连出来的导管接了上去。导管一旦连接，金属棒的底座上的一块橡胶区域就会开始充气。因为春药十分珍贵，为了保证没有一滴春药露出，导管的底部将会通过膨胀来实现极高的密封性。
不是所有人都经历了和可可一样长时间的肛门扩张训练的。比如在可可左侧的那个红发女孩，她的肛门完全就没有开发过。为了确保能在今天顺利安装各个适配器，她在约一个星期前开始佩戴一个肛门快速扩张器。这个肛门快速扩张器其实就是一个用液压扩大的环。它每天都会缓缓变大，并且无法自行取下。换句话说，红发女孩的肛门已经一个星期没有闭合过了。因此，最近一个星期，可可听到最多的话就是红发女孩抱怨自己的肛门痛了。现在，红发女孩终于可以将扩张器取下。只不过，还没等肛门自然闭合，她就将春药导管插了进去。
春药导管安装完成后就是安装被称为“火花塞”的阴道按摩棒了。与春药导管不一样的是，“火花塞”需要被先安装在机甲上，然后驾驶员再坐上去。可可将“火花塞”取了出来。“火花塞”的结构是完全针对驾驶员的阴道形状和敏感部位设计的。经过大量测试，对可可最有效的刺激是抽插，因此可可使用的“火花塞”本质上是一个炮机。尽管刺激方式可能不同，所有的“火花塞”的插入体内的部分，都有采集爱液的功能 —— 毕竟那才是这整套系统的核心。可可熟练地将“火花塞”安装在了驾驶室中央。随后，可可提着适配箱爬进了驾驶室。对准后，可可缓缓让“火花塞”顶部的按摩棒滑入了自己的阴道。因为目前可可的“火花塞”处于收缩状态，插入可可体内的假阴茎仅有约 10cm。随即，可可将“火花塞”两侧的固定带子绕过自己大腿根并系上。这样可可就将自己的身体固定在“火花塞”上了。固定完成后，“火花塞”就成了可可的座椅。此时，可可就“坐”在火花塞上，双腿荡在半空中 —— 驾驶时则需要踩分布在四周的踏板。“火花塞”除了顶部的假阴茎外，还有一个重要的作用 —— 帮助驾驶员排尿。可可将“火花塞”侧面的一根透明导管拉了出来。透明导管的顶部有一个小的金属机构。可可将透明导管缓缓地插入了自己的尿道。完全进入后，导尿管顶部的金属机构展开了，将导尿管的另一端锁在了可可的膀胱里。</description>
    </item>
    
    <item>
      <title>特别篇 - 公主殿下</title>
      <link>/2-%E6%94%AF%E7%BA%BF/1-%E7%89%B9%E5%88%AB%E7%AF%87-%E5%85%AC%E4%B8%BB%E6%AE%BF%E4%B8%8B/</link>
      <pubDate>Sun, 12 May 2019 00:00:00 +0000</pubDate>
      
      <guid>/2-%E6%94%AF%E7%BA%BF/1-%E7%89%B9%E5%88%AB%E7%AF%87-%E5%85%AC%E4%B8%BB%E6%AE%BF%E4%B8%8B/</guid>
      <description>本文用于纪念《可穿戴科技》讨论组达到 100 成员。本文内容非色情且与《可穿戴科技》无关。
 公主殿下 “公主殿下，您终于醒了啊。”
少女躺在地上，一脸茫然地接过了身旁大臣递过来的手帕。手帕上的花纹绣着几个装饰图案：一个横折，两个圈。擦了一下额头上的汗水后，少女坐了起来。
“殿下，勇者已经在您的房间等候了。请快前往吧。”
“诶？什么意思？”
“殿下您是不是摔糊涂了。刚刚帮助王国击败了东部强盗的普莱姆瑞勇士刚刚回到了宫殿。他现在正在殿下的房间等候您与他做那事呢。他已经等了一阵子了，您还是&amp;hellip;”
“等等，我并不是很理解你在说什么&amp;hellip; 你是在和我说话吗？为什么要称呼我为殿下？”
“天哪，殿下，您难道失忆了吗？您不记得&amp;hellip;”
“我什么都不记得了&amp;hellip; 我这是在哪？我要去做什么？”
“&amp;hellip;这可不太妙。您刚刚不小心跌倒了，可能是因此不小心伤到了脑子。我会去通知医生的。在此之前，您先回您的房间吧。正如我所说，普莱姆瑞勇士已经等候多时了&amp;hellip;”
“等一下，你让我去和那个普什么什么瑞勇士做什么？”
“做那事啊&amp;hellip;”
“做那事是什么，你说话说清楚点好吗？”
“就是&amp;hellip; 做爱啊&amp;hellip;”
“什么啊？你在说什么啊？我怎么可能和一个陌生人上床啊？”
说着，少女站了起来，准备转身离开。然而，这时她才发现，在她那华丽的长裙下，她的脚上戴着脚镣。
“正如你所见&amp;hellip; 您身为这个王国的公主，解决帮助王国度过危机的勇士的性需求，是您的义务&amp;hellip;”
“但是我不&amp;hellip;”
“来人，把公主殿下押回她的房间。”
走廊上立刻出现了两个彪形大汉。不顾少女的反抗，他们一人一个肩膀，把少女强行押到她的房间。
&amp;hellip;
不过，那已经是八年前的事了。
八年前，因为一次失足，公主丧失了她的记忆。尽管失忆了，公主依然每天被强迫和各式各样的勇士做爱。尽管在外人看来，公主的遭遇很可怜，但是她从来没有告诉别人，其实她不但早已适应，而且在内心深处正享受着这种生活方式。甚至，她特别享受当有些勇士选择将她带到地下城，用各种刑具调教她。当然，这一切只能藏在她的心里。告诉外人自己享受被虐待简直是要损害皇室的名誉。
不过，幸运的是，似乎这些勇士也明白公主想要这些重口味的玩法。越来越多的勇士选择把公主带入地下城，开始使用着越来越残忍的道具，而公主也渐渐地喜欢上这些越来越痛苦的折磨。
终于有一天，出事了。那天晚上，公主的双手被绑在断指器上。虽然叫“断指器”，但是这本质上只是一个利用蜗杆来给手指施加巨大压力的拷问用具，并不是真的用来切断手指的。然而，那个勇士怕是喝醉了，在把公主的嘴完全封住后，多拧了几圈断指器的转轮，把公主的手指的骨头压断了。然而公主因为说不了话，疼得直接昏了过去。
意识到自己闯祸了的勇士想要逃跑，但是却被守卫拦下了。给公主留下这种永久性的创伤可是死罪。随后，公主被送回了房间，而勇者则被送进了死牢。为了帮助公主疗伤，国王甚至亲自下令取消之后 3 天内公主的所有行房安排。
第二天早上，公主醒了过来，她惊奇地发现自己的手指痊愈了。得知勇士要被处死后，她立刻通知了她的守卫，要求释放了勇士。守卫见状，赶紧通知上级。这么一级一级往上传，总算是在最后一刻，在刑场上救下了勇士。
自从这件事情以后，公主就开始留意自己的身体。她很快发现，无论受到什么伤，她总能睡一觉就痊愈。得知这个以后，公主很快就大胆了起来。她也逐渐开始要求勇士对她的身体做越来越残忍的事情，甚至有时候是击杀了恶龙的勇士都看不下去了。于此同时，公主的受虐欲望也越来越强。她的内心把她受到的疼痛转化为了快感。甚至有时候会出现勇士因为恶心而转开了头，公主却沉浸在因为痛感所带来的高潮中。为了避免公主每天回房间时在地上留下血迹，她甚至把自己的房间搬到了地下城。
就这样，公主对于痛苦的承受能力，或者说适应性，越来越强。然而，人能接收到的痛感总量是有限的。当刑具能提供的痛苦跟不上公主的渴望时，她陷入了苦恼中。
不久，意外再次发生了。在地下城的一段台阶上，伤痕累累的公主一不小心摔了一跤。公主后脑勺着地，等到守卫来查看时，已经断了气。然而，奇迹也再次发生了，公主在当晚十二点复活了。没有任何人能解释公主这不死身是什么造成的，大家 —— 包括公主在内 —— 只能认为这是上天给的恩赐。
得知自己即使是死了也能复活后，公主终于鼓足了勇气，将自己的玩法又往前推了一步。她开始要求勇士们把各种执行死刑的器具用在她身上 —— 她被烧红的铁杆刺穿身体，又被锁进笼子丢入水中。但是每一次，公主都能活过来。很快，公主的怪癖和复活能力就在王国传开了。许多勇士即便是完成了任务，也不愿意来宫殿“领取奖励”。然而，不知道为什么，即使是这样，依然每天还是有勇士出现在宫殿里完成公主一天比一天强烈的需求，
终于有一天，死亡也不能满足公主了。
公主明白，已经到头了。她不可能再获得比死亡更强的痛苦了。这样的生活又持续了近一个月。
有一天，有一个自称赛科的预言者来到了王国。预言者没有解释他为什么要这么做，他只是说要为王国做一个寓言，并希望公主能在场。国王同意了这个请求。预言者带着一个水晶球来到了宫殿中。
预言者将水晶球放在了地上，突然，一个巨大的影像出现在了空中。影像里是在座的所有人都无法想象的场景。
&amp;hellip;
公元 2253 年，人类的宇宙殖民计划开始了。若要想在合理的时间内殖民全宇宙所有的星球，唯一的方案就是保证扩张速度以指数增长。飞船的生产要指数增长并不困难，只要在新殖民的星球上建造新的工厂就可以了。然而，唯一的问题是，随着人类寿命的近乎无限制的增长，人口增长速度跟不上。在这么一个环境下，政府自然而然地开始鼓励生育。很快，通过大量的政治宣传，非以怀孕为目的性行为都被视为罪恶 —— 这包括：自慰，肛交，口交，使用避孕套等等。
尽管刚开始，人们不太乐意，但是随着一代又一代的洗脑，等到艾略特出生时，这个想法已经成为了定式。艾略特顺利通过了各种教育考试，并成年融入了社会。就和他身边的每一个人一样，艾略特开始和女生约会并做爱。从一定程度上，由抽插与射精带来的快感十分舒服。但是艾略特总是觉得他内心深处有什么渴望着十分罪恶的东西。他不知道他那渴望的到底是什么，但是他也不敢和别人说，怕是被认为是社会败类。
艾略特在社会中的职责是警察。他每天的任务是防止不安定因素被注入到社会中。今天，他的任务是捣毁 37 层东岸的电子毒品销售点。他只身一人，持枪闯入了交易场所。迅速制服了在场的所有后，他呼叫了运输车来把这些人送回教育部门。这时，一个毒品贩子突然抬起了头。
“我能感觉到你内心深处有一种渴望，但是这个渴望在当今社会并不能实现。”
艾略特没有理会他。
“我有一个芯片，叫做‘双倍思维’。将他安装在大脑上后它可以自动探索你内心最深处的渴望，并围绕之创建一个虚拟世界。”
艾略特看了他一眼。
“它会暂时清空你的记忆，并让你进入这个世界，让你尽情享受你内心深处的渴望。”
这时，自动驾驶的运输车已经从远处快速开来了。
“与此同时，他会用你平时的处事风格，来操作你的肌肉，让你周围的人完全看不出来你处于虚拟世界。”
艾略特准备将毒贩押入了车内。这时，毒贩不知道从哪里拿出来了一个小金属片，对着艾略特说道。</description>
    </item>
    
  </channel>
</rss>